7000	Tomb Raider: Legend
8000	Tomb Raider: Anniversary
8140	Tomb Raider: Underworld
20900	The Witcher: Enhanced Edition
20920	The Witcher 2: Assassins of Kings Enhanced Edition
33230	刺客信条2
35140	Batman: Arkham Asylum GOTY Edition
39140	FINAL FANTASY VII (2013)
40700	机械迷城 (Machinarium)
47810	Dragon Age: Origins - Ultimate Edition
48190	刺客信条：兄弟会
105600	Terraria
200260	Batman: Arkham City GOTY
201870	刺客信条：启示录
203140	Hitman: Absolution
203160	Tomb Raider
204450	Call of Juarez Gunslinger
205100	Dishonored
205930	Hitman: Sniper Challenge
207320	Ys: The Oath in Felghana
207350	Ys Origin
208650	Batman™: Arkham Knight
220440	DmC Devil May Cry
223810	Ys I
223870	Ys II
230230	Divinity: Original Sin (Classic)
247080	Crypt of the NecroDancer
250900	The Binding of Isaac: Rebirth
251150	The Legend of Heroes: Trails in the Sky
251290	The Legend of Heroes: Trails in the Sky SC
252410	SteamWorld Dig
261570	Ori and the Blind Forest
283640	Salt and Sanctuary
292030	巫师 3：狂猎
297130	Titan Souls
298110	Far Cry 4
312520	雨世界
312540	Ys VI: The Ark of Napishtim
322190	SteamWorld Heist
322990	Black Viper: Sophia's Fate
329050	Devil May Cry 4 Special Edition
335300	DARK SOULS™ II: Scholar of the First Sin
351910	Valhalla Hills
371660	Far Cry Primal
373420	神界：原罪增强版
387290	Ori and the Blind Forest: Definitive Edition
391220	Rise of the Tomb Raider
412830	STEINS;GATE
413150	Stardew Valley
413420	Danganronpa 2: Goodbye Despair
418240	Shadow Tactics: Blades of the Shogun
424840	Little Nightmares
431710	Space Pilgrim Episode II: Epsilon Indi
431960	Wallpaper Engine：壁纸引擎
435150	神界：原罪2 - 终极版
436670	The Legend of Heroes: Trails in the Sky the 3rd
438490	GOD EATER 2 Rage Burst
447040	Watch_Dogs 2
454650	DRAGON BALL XENOVERSE 2
460870	GOD EATER RESURRECTION
485510	仁王 Complete Edition
504230	Celeste
534380	消逝的光芒2: 重装上阵版
538680	The Legend of Heroes: Trails of Cold Steel
544610	Battlestar Galactica Deadlock
553420	TUNIC
555950	Danganronpa Another Episode: Ultra Despair Girls
557600	Gorogoa
570770	古剑奇谭二(GuJian2)
570780	古剑奇谭(GuJian)
571310	SteamWorld Dig 2
579180	Ys VIII: Lacrimosa of Dana
582010	Monster Hunter: World
582160	刺客信条：起源
587100	Ys SEVEN
587110	Ys: Memories of Celceta
588650	Dead Cells
601150	Devil May Cry 5
610570	Paradox Soul
631510	Devil May Cry HD Collection
632470	Disco Elysium
648100	Raging Loop
648580	428 Shibuya Scramble
678960	CODE VEIN
683320	GRIS
692850	Bloodstained: Ritual of the Night
703080	动物园之星
736190	中国式家长
748490	The Legend of Heroes: Trails of Cold Steel II
750920	Shadow of the Tomb Raider
774361	Blasphemous
782330	DOOM Eternal
787480	Phoenix Wright: Ace Attorney Trilogy
814370	怪物圣所
814380	Sekiro™: Shadows Die Twice
845070	The Awesome Adventures of Captain Spirit
860510	小小梦魇2
899440	GOD EATER 3
916440	纪元1800
921570	歧路旅人
930910	STEINS;GATE: Linear Bounded Phenogram
960910	暴雨
970560	STEINS;GATE: My Darling's Embrace
970570	CHAOS;CHILD
990080	霍格沃茨之遗
991270	The Legend of Heroes: Trails of Cold Steel III
992300	嗜血印 Bloody Spell
994280	古剑奇谭三(Gujian3)
1025440	Fantasy General II
1030300	Hollow Knight: Silksong
1035510	Ultimate Zombie Defense
1084600	沙石镇时光
1088850	Marvel's Guardians of the Galaxy
1105500	人中之龙４　继承传说者
1105510	人中之龙５　实现梦想者
1144400	千恋＊万花
1145360	Hades
1152300	爱夏的炼金工房 ～黄昏大地之炼金术士～ DX
1152310	爱丝卡＆罗吉的炼金工房 ～黄昏天空之炼金术士～ DX
1152320	夏莉的炼金工房 ～黄昏海洋之炼金术士～ DX
1198090	英雄传说：闪之轨迹Ⅳ
1222140	底特律：化身为人
1222690	《龙腾世纪审判》
1227890	夏日狂想曲：乡间的难忘回忆
1235140	人中之龙7　光与暗的去向　国际版
1237950	《STAR WARS™ 前线™ II
1237970	Titanfall® 2
1238040	《龙腾世纪II》终极版
1244090	Sea of Stars 星之海
1244460	侏罗纪世界：进化 2
1272160	The Life and Suffering of Sir Brante
1277400	Monster Hunter Stories 2: Wings of Ruin
1277930	Riddle Joker
1296830	暖雪 Warm Snow
1325200	仁王２ Complete Edition
1328670	《质量效应》传奇版
1340990	浪人崛起
1351630	Ys IX: Monstrum Nox
1352930	勇敢的哈克
1356040	Ampersat
1368870	Field of Glory II: Medieval
1371980	《恶意不息》
1382330	Persona 5 Strikers
1388590	人中之龙６　生命诗篇。
1446780	MONSTER HUNTER RISE
1448440	Wo Long: Fallen Dynasty （卧龙：苍天陨落）
1457520	英雄传说 零之轨迹：改
1461920	英雄传说 碧之轨迹：改
1502970	苏菲的炼金工房 ～不可思议书的炼金术士～ DX
1502980	菲利丝的炼金工房 ～不可思议旅的炼金术士～ DX
1502990	莉迪＆苏瑞的炼金工房 ～不可思议绘画的炼金术士～ DX
1533420	Neon White
1579380	Shadow Tactics: 爱子的选择 Aiko's Choice
1599330	荒原疗者 (Wildmender)
1602010	女神异闻录4 无敌究极后桥背摔
1608450	地狱仆从
1621310	苏菲的炼金工房２ ～不可思议梦的炼金术士～
1627720	Lies of P
1659420	UNCHARTED™: 盗贼传奇合辑
1687950	女神异闻录5皇家版
1701520	心渊梦境
1774580	星球大战 绝地：幸存者™
1805480	人中之龙 维新！极
1809540	九日
1817070	Marvel’s Spider-Man Remastered
1829980	星光咖啡馆与死神之蝶
1874000	Life is Strange: Double Exposure
1875830	真·女神转生Ⅴ Vengeance
1887840	蟹蟹寻宝奇遇
1888930	The Last of Us™ Part I
1971650	歧路旅人 II
2050650	Resident Evil 4
2072450	人中之龙８
2114740	神之亵渎2
2149010	小小梦魇 强化版
2175540	勇者斗恶龙 怪物仙境3 魔族王子与精灵的旅程
2208920	刺客信条：英灵殿
2356560	Monster Hunter Stories
2375550	人中之龙7外传 无名之龙
2407270	AI LIMIT 无限机兵
2458530	魔女的夜宴
2478970	Tomb Raider I-III Remastered Starring Lara Croft
2525380	Tomb Raider IV-VI Remastered
2543510	枪途末路
2752710	WHAT THE PAK?!
2921380	Caribbean Crashers
3061810	人中之龙８外传 Pirates in Hawaii
3444020	我在地府打麻将
3837340	FINAL FANTASY VII
960990	超凡双生
