500	Left 4 Dead
550	Left 4 Dead 2
730	Counter-Strike 2
2280	DOOM + DOOM II
6860	Hitman: Blood Money
9050	DOOM 3
9070	DOOM 3: Resurrection of Evil
13520	Far Cry
15100	Assassin's Creed
19900	Far Cry 2
21000	LEGO® Batman™: The Videogame
22370	Fallout 3 - Game of the Year Edition
22380	Fallout: New Vegas
29900	Dark Sector
33230	刺客信条2
34870	Sniper Ghost Warrior 2
35140	Batman: Arkham Asylum GOTY Edition
35700	Trine
35720	Trine 2
38400	Fallout
38410	Fallout 2
38420	Fallout Tactics
45760	Ultra Street Fighter IV
47810	Dragon Age: Origins - Ultimate Edition
48000	LIMBO
48190	刺客信条：兄弟会
49520	Borderlands 2
50130	Mafia II (Classic)
108600	Project Zomboid
113200	The Binding of Isaac
200260	Batman: Arkham City GOTY
201870	刺客信条：启示录
203140	Hitman: Absolution
203160	Tomb Raider
204360	Castle Crashers
204450	Call of Juarez Gunslinger
205930	Hitman: Sniper Challenge
208200	DOOM 3: BFG Edition
208650	Batman™: Arkham Knight
213330	LEGO® Batman™ 2: DC Super Heroes
214340	Deponia
214510	LEGO® The Lord of the Rings™
218620	PAYDAY 2
220240	Far Cry® 3
222420	THE KING OF FIGHTERS '98 ULTIMATE MATCH FINAL EDITION
223470	POSTAL 2
223850	3DMark
224260	No More Room in Hell
225540	Just Cause 3
227300	Euro Truck Simulator 2
230230	Divinity: Original Sin (Classic)
230410	Warframe 星际战甲
231430	Company of Heroes 2
232090	Killing Floor 2
233130	影子武士
233270	Far Cry® 3 Blood Dragon
239140	Dying Light
242700	Injustice: Gods Among Us Ultimate Edition
242760	The Forest
243470	Watch_Dogs
244210	神力科莎 Assetto Corsa
247910	Sniper Elite: Nazi Zombie Army 2
249130	LEGO® MARVEL Super Heroes
250900	The Binding of Isaac: Rebirth
251570	7 Days to Die
255520	Viscera Cleanup Detail: Shadow Warrior
255710	Cities: Skylines
261640	Borderlands: The Pre-Sequel
267530	The LEGO® Movie - Videogame
268500	XCOM 2
278080	真・三国无双７ with 猛将传
283270	Jagged Alliance Gold
285160	LEGO® The Hobbit™
286690	地铁2033 重制版
287390	地铁：最后的曙光 重制版
288160	The Room
289690	Lara Croft and the Temple of Osiris
292030	巫师 3：狂猎
298110	Far Cry 4
299480	Rogue Stormers
304430	INSIDE
307690	Sleeping Dogs: Definitive Edition
307780	Mortal Kombat X
310560	DiRT Rally
311690	挺进地牢
312660	Sniper Elite 4
313690	LEGO® Batman™ 3: Beyond Gotham
315210	自杀小队：消灭正义联盟
319910	Trine 3: The Artifacts of Power
322330	饥荒联机版
323190	冰汽时代
324800	影子武士2
329050	Devil May Cry 4 Special Edition
333600	NEKOPARA Vol. 1
333930	Dirty Bomb
349040	火影忍者 疾风传 终极风暴4
351920	疯狂机器3 - Crazy Machines 3
352400	LEGO® Jurassic World
355180	Codename CURE
359550	彩虹六号：围攻
360430	Mafia III: Definitive Edition
362890	Black Mesa
368070	Sniper Ghost Warrior 3
371660	Far Cry Primal
373420	神界：原罪增强版
377160	Fallout 4
379720	DOOM
383150	Dead Island Definitive Edition
383180	Dead Island Riptide Definitive Edition
385800	NEKOPARA Vol. 0
391540	Undertale
395170	DISTRAINT: Deluxe Edition
397540	无主之地3
402180	Sakura Swim Club
405310	LEGO® MARVEL's Avengers
407330	Sakura Dungeon
412020	地铁：离乡
413150	Stardew Valley
414340	Hellblade: Senua's Sacrifice
418240	Shadow Tactics: Blades of the Shogun
418670	Pankapu
420110	NEKOPARA Vol. 2
421020	DiRT 4
425580	The Room Two
431960	Wallpaper Engine：壁纸引擎
433340	Slime Rancher
433850	Z1 Battle Royale
435150	神界：原罪2 - 终极版
438640	LEGO® STAR WARS™: The Force Awakens
439700	H1Z1: Test Server
442070	Drawful 2
447040	Watch_Dogs 2
448510	Overcooked
454650	DRAGON BALL XENOVERSE 2
456750	The Room Three
458770	WRC 6
460790	Bayonetta
460810	Vanquish
460920	Steep
466240	黑暗逃生
466560	Northgard: Definitive Edition
468920	终极钓鱼模拟器
474960	Quantum Break
475150	Titan Quest Anniversary Edition
477160	人类一败涂地 / Human Fall Flat
487430	KARAKARA
489630	Warhammer 40,000: Gladius - Relics of War
493340	过山车之星
495420	State of Decay 2
513710	人渣
518030	Aim Hero
518790	《猎人：荒野的召唤™》
524220	NieR:Automata™
527430	Warhammer 40,000: Inquisitor - Martyr
548430	深岩银河
552500	Warhammer: Vermintide 2
552520	Far Cry 5
553850	HELLDIVERS™ 2
555000	GOAT OF DUTY
556130	Drones, The Human Condition
557600	Gorogoa
564050	Bud Spencer & Terence Hill - Slaps And Beans
578080	PUBG: BATTLEGROUNDS
578330	LEGO® City Undercover
582160	刺客信条：起源
602520	NEKOPARA Vol. 3
606150	Moonlighter
609320	FAR: Lone Sails
610190	無雙☆群星大會串
610370	Desperados III
618140	Barro
621830	WRC 7
627270	Injustice™ 2
632470	Disco Elysium
635730	Dragonia
635850	Sentience: The Android's Tale
640590	The LEGO® NINJAGO® Movie Video Game
644560	Mirror
644570	Material Girl
646570	Slay the Spire
647830	LEGO® MARVEL Super Heroes 2
665180	Dark Elf
668580	原子之心
668630	Tricolour Lovestory
674750	Yet Another Zombie Defense HD
678950	DRAGON BALL FighterZ
680320	The Heiress
686190	Killing Time
690640	Trine 4: The Nightmare Prince
690790	DiRT Rally 2.0
694280	Zombie Army 4: Dead War
703080	动物园之星
704850	Thief Simulator
707010	Will To Live Online
710920	Darksiders Genesis
711990	Elise the Devil
712840	King Exit
719430	Taima Miko Yuugi
720280	Fox Hime
728880	Overcooked! 2
738520	呼吸边缘
740080	Deadly Days
743390	DISTRAINT 2
744900	Dead Frontier 2
747350	Hellblade: Senua's Sacrifice VR Edition
755790	无限法则
758190	龙崖
760160	Vampire: The Masquerade - Bloodhunt
760620	Deiland
780310	The Riftbreaker 银河破裂者
782330	DOOM Eternal
787100	Homeworld Defense
788100	霓虹深渊
797410	Headsnatchers
802870	The Ditzy Demons Are in Love With Me
814380	Sekiro™: Shadows Die Twice
815370	绿色地狱
818320	LEGO® The Incredibles
829110	LEGO® DC Super-Villains
831560	WARRIORS OROCHI 4 / 無雙OROCHI 蛇魔３
837470	Untitled Goose Game
845070	The Awesome Adventures of Captain Spirit
851850	七龙珠Z 卡卡洛特
858820	米德加尔的部落
860950	Mark of the Ninja: Remastered
863550	HITMAN™ 2
879850	Box: The Game
881320	The LEGO® Movie 2 - Videogame
895400	Deadside
903950	Last Oasis
914710	Cat Quest II
916440	纪元1800
920210	LEGO® Star Wars™: The Skywalker Saga
934700	Dead Island 2
935070	Sakura MMO
939960	Far Cry New Dawn
942970	疑案追声
945360	Among Us
953490	红怪
955050	光明记忆
968790	真‧三國無雙６ with 猛將傳 DX
968950	Sakura MMO 2
976310	Mortal Kombat 11
978520	魔王大人，击退勇者吧
990630	The Last Campfire
996770	Moving Out
1004750	WRC 8 FIA World Rally Championship
1024380	二次灭绝 Second Extinction
1030830	四海兄弟II 最终版
1030840	《四海兄弟: 最终版》
1035110	Moonrise Fall
1036890	影子武士3：决定版
1038740	Fluffy Store
1042800	Warhammer 40,000: Inquisitor - Prophecy
1053710	The Red Lantern
1059990	Trombone Champ
1064130	Sakura MMO 3
1066780	Transport Fever 2
1085660	命运2
1091500	赛博朋克 2077
1093910	黑森町绮谭
1097840	Gears 5
1102130	Florence
1108590	上古之魂
1142710	全面战争：战锤3
1145360	Hades
1145960	The White Door
1148590	DOOM 64
1151340	Fallout 76
1171690	Wayfinder
1174180	Red Dead Redemption 2
1178830	光明记忆：无限
1180380	Stay Out
1186640	南瓜杰克
1202310	Sakura Succubus
1217060	枪火重生
1222140	底特律：化身为人
1222680	《Need for Speed™ Heat
1222700	A Way Out
1237970	Titanfall® 2
1238810	《战地风云 5》
1238820	《Battlefield 3™》
1238840	Battlefield™ 1
1259420	Days Gone
1262240	植物大战僵尸™: 和睦小镇保卫战
1262540	Need for Speed™
1262560	Need for Speed™ Most Wanted
1262580	Need for Speed™ Payback
1262600	Need for Speed™ Rivals
1267540	WRC 9 FIA World Rally Championship
1271190	女王的荣耀  / Queen's Glory
1272160	The Life and Suffering of Sir Brante
1276760	七龙珠 破界斗士
1281630	Anno 1404 - History Edition
1283700	头号追击
1285190	无主之地®4
1286680	小缇娜的奇幻之地
1293830	极限竞速：地平线 4
1295730	Leveling up girls in another world
1296260	Sakura Knight 2
1326000	Sakura Succubus 2
1328660	《极品飞车：热力追踪》重制版
1328670	《质量效应》传奇版
1330470	暗影火炬城
1333910	Sizeable
1338770	狙击手：幽灵战士契约 2
1351370	Sakura Knight 3
1361320	The Room 4: Old Sins
1377360	Vampires' Melody
1406020	Sakura Succubus 3
1406990	NEKOPARA Vol. 4
1426210	双人成行
1449560	Metro Exodus Enhanced Edition
1462810	WRC 10 FIA World Rally Championship
1466680	Sakura MMO Extra
1466690	Sakura Succubus 4
1468810	鬼谷八荒
1498570	THE KING OF FIGHTERS XV
1517290	《战地风云™ 2042》
1522820	Orcs Must Die! 3
1524650	Sakura Forest Girls
1588550	孤山独影
1590910	Forgive Me Father
1592640	Sakura Alien
1601580	冰汽时代2
1608450	地狱仆从
1623730	Palworld / 幻兽帕鲁
1630490	Sakura Forest Girls 2
1633660	Girl Jigsaw 2
1645820	SurrounDead
1659040	HITMAN World of Assassination
1665210	Sakura Forest Girls 3
1669980	火山的女儿
1681430	机械战警：暴戾都市
1712840	商店页面
1727650	死寂（DeathlyStillness）
1772910	Dead District
1773180	The Matriarch
1795430	Sakura Succubus 5
1817230	Hi-Fi RUSH
1817290	暗夜长梦
1818450	STALZONE
1842690	箱庭铁道物语 (Station Manager)
1846380	《极品飞车™：不羁》
1847240	游戏开发物语 (Game Dev Story)
1859360	冒险村物语 (Dungeon Village)
1859370	幸福公寓物语DX (Dream House Days DX)
1868140	潜水员戴夫 DAVE THE DIVER
1879330	无双大蛇２ 终极版
1902710	奇怪的RPG
1918520	合战忍者村物语 (Ninja Village)
1918530	赛马牧场物语 (Pocket Stables)
1918540	开罗拉面店 (The Ramen Sensei)
1921770	漫画道场物语 (The Manga Works)
1921780	海鲜寿司物语 (The Sushi Spinnery)
1922560	Plants vs. Zombies™ Garden Warfare 2:豪华版
1923670	都市大亨物语 (Venture Towns)
1933970	动画制作物语 (Anime Studio Story)
1933980	夏日水上乐园物语 (Pool Slide Story)
1933990	创意汉堡物语 (Burger Bistro Story)
1938090	使命召唤®
1942280	土豆兄弟(Brotato)
1947950	风云拳击物语 (Boxing Gym Story)
1952170	美食梦物语 (Cafeteria Nipponica)
1961390	Sakura Succubus 6
1969870	生死狙击2
1978100	冲刺！赛车物语 (Grand Prix Story)
1983690	森丘露营地物语 (Forest Camp Story)
1983700	百货商场物语2 (Mega Mall Story 2)
1983710	冒险村物语2 (Dungeon Village 2)
2001120	双影奇境
2005090	演灭 EVOTINCTION
2017640	Sakura Gym Girls
2019360	豪华大游轮物语 (World Cruise Story)
2019370	大江户物语 (Oh! Edo Towns)
2021690	Sakura Alien 2
2021710	Sakura Succubus 7
2054810	网球俱乐部物语 (Tennis Club Story)
2072150	星之开罗君 (Kairobotica)
2072170	闪耀滑雪场物语 (Shiny Ski Resort)
2072420	开拓神秘岛DX (Beastie Bay DX)
2073250	节奏裂隙
2074920	The First Descendant
2075730	《使命召唤®：现代战争®II 2022》公开试玩
2084720	棒球学院物语 (Home Run High)
2085540	打工火柴人
2087030	Shatterline
2089450	温泉物语2 (Hot Springs Story 2)
2101290	电影工坊物语 (Silver Screen Story)
2102480	梦想商店街物语 (Biz Builder Delux)
2119650	便利店开业日记 (Convenience Stories)
2119660	游乐园梦物语 (Dream Park Story)
2119670	打造吧！高尔夫之森 (Forest Golf Planner)
2119680	南国度假岛物语 (Tropical Resort Story)
2183900	Warhammer 40,000: 星际战士2
2191480	珍宝机场物语 (Jumbo Airport Story)
2191490	口袋学院物语3 (Pocket Academy 3)
2290180	极限国度
2315040	火炬之光：无限
2321470	深岩银河：幸存者
2337860	呆呆大乱斗
2346410	边境开拓者
2358720	黑神话：悟空
2375080	Sakura Bunny Girls
2379780	Balatro
2384580	真・三国无双 起源
2399220	NUKITASHI
2427100	创意咖啡店物语 (Cafe Master Story)
2431880	大海贼探险物语DX (High Sea Saga DX)
2437690	探险顽皮动物园 (Zoo Park Story)
2457890	DRACOMATON
2479810	灰区战争
2487490	Sakura Succubus 8
2488340	创造都市岛物语 (Dream Town Island)
2608040	Travellin Cats in China
2614070	NUKITASHI 2
2646050	Sakura Isekai Adventure
2732020	开拍！电视制作物语 (TV Studio Story)
2752710	WHAT THE PAK?!
2767030	漫威争锋
2788150	Sakura Succubus 9
2788160	Sakura Bunny Girls 2
2832790	Sakura Isekai Adventure 2
2848360	洞窟冒险团物语 (Cavern Adventurers)
2860410	NineHells
2950340	LEGO® Harry Potter™ Collection
2955840	厨房战争
3017860	DOOM: The Dark Ages
3042830	前进！！英雄战队物语 DX (Legends of Heropolis DX)
3059010	二战前线合集
3132250	平安古都物语 (Heian City Story)
3178350	无双深渊
3240500	Sakura Isekai Adventure 3
3334710	摔跤擂台物语 (Pro Wrestler Story)
3353830	生存战场
3472040	NBA 2K26
3527290	PEAK
3595230	《使命召唤®：现代战争® II 2022》
3601190	银盘滑冰场物语 (Skating Rink Story)
3784030	浣熊推币机
3856040	形单影只：坠落地牢无尽深渊
3862670	龟龟潜海记 Shelldiver
3934270	多少兄弟？
3936590	探险异星飞行队 (Final Frontier Story)
4212210	魔王城物语 (Demon Castle Story)
4424950	飞空艇探险物语 (Skyship Quest Story)
