220	半条命2	Half-Life 2
320	半条命2：死亡竞赛	Half-Life 2: Deathmatch
360	半条命死亡竞技：起源	Half-Life Deathmatch: Source
500	求生之路	Left 4 Dead
550	求生之路2	Left 4 Dead 2
730	Counter-Strike 2	Counter-Strike 2
2280	毁灭战士1+2	DOOM + DOOM II
6860	杀手4：血钱	Hitman: Blood Money
7000	古墓丽影7传奇	Tomb Raider: Legend
8000	古墓丽影十周年纪念版	Tomb Raider: Anniversary
8140	古墓丽影8：地下世界	Tomb Raider: Underworld
9050	毁灭战士3	DOOM 3
9070	毁灭战士3：邪恶复苏	DOOM 3 Resurrection of Evil
13520	孤岛惊魂	Far Cry®
15100	刺客信条	Assassin's Creed™: Director's Cut Edition
19900	孤岛惊魂2	Far Cry® 2
20900	巫师加强版（导演剪辑）	The Witcher: Enhanced Edition Director's Cut
20920	巫师2：国王刺客加强版	The Witcher 2: Assassins of Kings Enhanced Edition
21000	乐高：蝙蝠侠	LEGO® Batman™: The Videogame
22370	辐射3：年度版	Fallout 3: Game of the Year Edition
22380	辐射：新维加斯	Fallout: New Vegas
29900	黑暗地带	Dark Sector
33230	刺客信条2	Assassin's Creed 2
34870	狙击手：幽灵战士2	Sniper: Ghost Warrior 2
35140	蝙蝠侠：阿卡姆疯人院年度版	Batman: Arkham Asylum Game of the Year Edition
35700	三位一体	Trine Enchanted Edition
35720	三位一体2：完整故事	Trine 2: Complete Story
38400	辐射	Fallout: A Post Nuclear Role Playing Game
38410	辐射2	Fallout 2: A Post Nuclear Role Playing Game
38420	辐射：钢铁兄弟会	Fallout Tactics: Brotherhood of Steel
39140	最终幻想7	FINAL FANTASY VII
40700	机械迷城 (Machinarium)	机械迷城 (Machinarium)
45760	终极街头霸王4：街机版	Ultra Street Fighter® IV
47810	龙腾世纪：起源 终极版	Dragon Age: Origins - Ultimate Edition
48000	地狱边境	LIMBO
48190	刺客信条：兄弟会	Assassin’s Creed® Brotherhood
49520	无主之地2	Borderlands 2
50130	四海兄弟2(原版)	Mafia II (Classic)
50620	暗黑血统	Darksiders™
105600	泰拉瑞亚	Terraria
108600	僵尸毁灭工程	Project Zomboid
113200	以撒的结合	The Binding of Isaac
200260	蝙蝠侠：阿卡姆之城年度版	Batman: Arkham City - Game of the Year Edition
201870	刺客信条：启示录	Assassin's Creed® Revelations
203140	杀手：赦免	Hitman: Absolution™
203160	古墓丽影 年度版	Tomb Raider Game of the Year
204360	城堡破坏者	Castle Crashers®
204450	狂野西部：枪手	Call of Juarez: Gunslinger
205100	耻辱	Dishonored
205930		
206440	To the Moon《去月球》	To the Moon《去月球》
207320	伊苏：菲尔盖娜之誓约	Ys: The Oath in Felghana
207350	伊苏：起源	Ys Origin
208200	毁灭战士3：BFG	DOOM 3
208650	蝙蝠侠：阿卡姆骑士	Batman™: Arkham Knight
209000	蝙蝠侠：阿卡姆起源	Batman™: Arkham Origins
211820	星界边境	Starbound
213330	乐高蝙蝠侠2	LEGO® Batman™ 2: DC Super Heroes
214340	德波尼亚	Deponia
214510	乐高：指环王	LEGO® The Lord of the Rings™
218620	收获日2	PAYDAY 2
219740	饥荒	Don't Starve
220240	孤岛惊魂3	Far Cry 3
220440	DmC：鬼泣	DmC: Devil May Cry
222420	拳皇98UM	THE KING OF FIGHTERS '98 ULTIMATE MATCH FINAL EDITION
223470	喋血街头2	POSTAL 2
223810	伊苏1&2编年史+	Ys I & II Chronicles+
223850	3DMark	3DMark
223870	伊苏1&2编年史+	Ys I & II Chronicles+
224260	地狱已满	No More Room in Hell
225540	正当防卫3	Just Cause™ 3
227300	欧洲卡车模拟2	Euro Truck Simulator 2
230230	神界：原罪	Divinity: Original Sin (Classic)
230410	Warframe 星际战甲	Warframe 星际战甲
231430	英雄连2	Company of Heroes 2
232090	杀戮空间2	Killing Floor 2
233130	影子武士	影子武士
233270	孤岛惊魂3：血龙	Far Cry 3 - Blood Dragon
233450	监狱建筑师	Prison Architect
233860	剑士	Kenshi
236430	黑暗之魂2	DARK SOULS™ II
238320	逃生	Outlast
239140	消逝的光芒	Dying Light
242700	不义联盟：人中之神终极版	Injustice: Gods Among Us Ultimate Edition
242760	森林	The Forest
243470	看门狗	Watch_Dogs™
244210	神力科莎 Assetto Corsa	Assetto Corsa
246420	王国保卫战	Kingdom Rush  - Tower Defense
247080	节奏地牢	Crypt of the NecroDancer
247910	狙击精英：纳粹僵尸部队2	Sniper Elite: Nazi Zombie Army 2
249130	乐高漫威超级英雄	LEGO® Marvel™ Super Heroes
250900	以撒的结合：重生	The Binding of Isaac: Rebirth
251150	英雄传说：空之轨迹FC	The Legend of Heroes: Trails in the Sky
251290	英雄传说：空之轨迹SC	The Legend of Heroes: Trails in the Sky SC
251570	七日杀	7 Days to Die
252410	蒸汽世界：掘进	SteamWorld Dig
255520	内脏清洁工：暗影武士特别版	Viscera Cleanup Detail: Shadow Warrior
255710	城市：天际线	Cities: Skylines
261550	骑马与砍杀2：霸主	Mount & Blade II: Bannerlord
261570	精灵与黑暗森林	Ori and the Blind Forest
261640	无主之地：前传	Borderlands: The Pre-Sequel
265930	模拟山羊	Goat Simulator
267530	乐高大电影	The LEGO® Movie - Videogame
268500	幽浮2	XCOM® 2
270880	美洲卡车模拟	American Truck Simulator
271590	Grand Theft Auto V 传承版	Grand Theft Auto V Legacy
278080	真・三国无双７ with 猛将传	真・三国无双７ with 猛将传
281990	群星	Stellaris
282070	这是我的战争	This War of Mine
283270	铁血联盟1黄金版	Jagged Alliance 1: Gold Edition
283640	盐与避难所	Salt and Sanctuary
285160	乐高：霍比特人	LEGO® The Hobbit™
286690	地铁2033 重制版	Metro 2033 Redux
287390	地铁：最后的曙光 重制版	地铁：最后的曙光 重制版
288160	未上锁的房间	The Room
289070	文明6	Sid Meier’s Civilization® VI
289690	劳拉和奥西里斯神庙	LARA CROFT AND THE TEMPLE OF OSIRIS™
292030	巫师 3：狂猎	The Witcher 3: Wild Hunt
297130	泰坦之魂	Titan Souls
298110	孤岛惊魂4	Far Cry® 4
299480	机械风暴	Rogue Stormers
304430	深入	INSIDE
304930	未转变者	Unturned
305620	漫漫长夜	The Long Dark
307690	热血无赖：最终版	Sleeping Dogs: Definitive Edition
307780	真人快打X	Mortal Kombat X
310560	尘埃：拉力赛	DiRT Rally
311690	挺进地牢	挺进地牢
312200	深渊矿坑	Chasm
312520	雨世界	雨世界
312540	伊苏6：纳比斯汀的方舟	Ys VI: The Ark of Napishtim
312610	合金弹头X	METAL SLUG X
312660	狙击精英4	Sniper Elite 4
313690	乐高蝙蝠侠3：哥谭之上	LEGO® Batman™ 3: Beyond Gotham
315210	自杀小队：消灭正义联盟	自杀小队：消灭正义联盟
315810	伊甸园	eden*
319630	奇异人生	Life is Strange - Episode 1
319910	三位一体3：权力圣器	Trine 3: The Artifacts of Power
322190	蒸汽世界：大劫掠	SteamWorld Heist
322330	饥荒联机版	Don't Starve Together
322990	黑色毒蛇：索菲亚的秘密	Black Viper: Sophia's Fate
323190	冰汽时代	冰汽时代
324800	影子武士2	Shadow Warrior 2
329050	鬼泣4 特别版	Devil May Cry 4 Special Edition
333600	巧克力和香子兰 Vol.1	NEKOPARA Vol. 1
333930	脏弹	Dirty Bomb®
335300	黑暗之魂2：原罪学者	DARK SOULS™ II: Scholar of the First Sin
347620	高考恋爱一百天	高考恋爱一百天
349040	火影忍者 疾风传 终极风暴4	火影忍者 疾风传 终极风暴4
351910	瓦尔哈拉山	Valhalla Hills
351920	疯狂机器3 - Crazy Machines 3	疯狂机器3 - Crazy Machines 3
352400	乐高侏罗纪世界	LEGO® Jurassic World
355180	Codename CURE	Codename CURE
356190	中土世界：战争之影	Middle-earth™: Shadow of War™
359550	彩虹六号：围攻	彩虹六号：围攻
360430	四海兄弟3：最终版	Mafia III: Definitive Edition
362890	黑山	Black Mesa
365670	Blender	Blender
367520	空洞骑士	Hollow Knight
367540		
368070	狙击手：幽灵战士3	Sniper Ghost Warrior 3
368340	远星物语	CrossCode
371660	孤岛惊魂：原始杀戮	Far Cry® Primal
373420	神界：原罪增强版	神界：原罪增强版
374320	黑暗之魂3	DARK SOULS™ III
377160	辐射4	Fallout 4
379430	天国：拯救	Kingdom Come: Deliverance
379720	毁灭战士	DOOM
383150	死亡岛：终极版	Dead Island Definitive Edition
383180	死亡岛：激流 终极版	Dead Island: Riptide Definitive Edition
385800	巧克力和香子兰 Vol.0	NEKOPARA Vol. 0
387290	精灵与黑暗森林-终极版	
391220	古墓丽影：崛起	Rise of the Tomb Raider™
391540	传说之下	Undertale
395170	扣押：豪华版	DISTRAINT: Deluxe Edition
397270	亲吻那片花瓣	A Kiss For The Petals - Remembering How We Met
397540	无主之地3	无主之地3
402180	樱花游泳俱乐部	Sakura Swim Club
405310	乐高复仇者联盟	LEGO® MARVEL's Avengers
407330	樱花地牢	Sakura Dungeon
410890	寒蝉鸣泣之时：绵流	Higurashi When They Cry Hou - Ch.2 Watanagashi
412020	地铁：离乡	Metro Exodus
412830	命运石之门	STEINS;GATE
413150	星露谷物语	Stardew Valley
413410	弹丸论破：希望的学园和绝望的高中生	Danganronpa: Trigger Happy Havoc
413420	超级弹丸论破2：再见了绝望学园	Danganronpa 2: Goodbye Despair
414340	地狱之刃：塞娜的献祭	Hellblade: Senua's Sacrifice
414700	逃生2	Outlast 2
418240	影子战术：将军之刃	Shadow Tactics: Blades of the Shogun
418370	生化危机7	Resident Evil 7 Biohazard
418670	潘卡普：守梦人	Pankapu
420110	巧克力和香子兰 Vol.2	NEKOPARA Vol. 2
421020	尘埃4	DiRT 4
421660	Harmonia	Harmonia
424840	小小梦魇	Little Nightmares
425580	未上锁的房间2	The Room Two
428550	莫莫多拉：月下遐想	Momodora: Reverie Under The Moonlight
430960	露西 -她所期望的一切-	露西 -她所期望的一切-
431710	Space Pilgrim Episode II: Epsilon Indi	Space Pilgrim Episode II: Epsilon Indi
431960	Wallpaper Engine：壁纸引擎	Wallpaper Engine
433340	史莱姆牧场	Slime Rancher
433850	杀戮之王	Z1 Battle Royale
435120	锈湖：旅馆	Rusty Lake Hotel
435150	神界：原罪2 - 终极版	神界：原罪2 - 终极版
436670	英雄传说：空之轨迹3rd	The Legend of Heroes: Trails in the Sky the 3rd
438490	噬神者2：狂怒解放	GOD EATER 2 Rage Burst
438640	乐高星球大战：原力觉醒	LEGO® STAR WARS™: The Force Awakens
439700	Z1 Battle Royale: Test Server	Z1 Battle Royale: Test Server
442070	你画我猜2	Drawful 2
447040	看门狗2	Watch_Dogs® 2
448510	胡闹厨房	Overcooked
454650	龙珠：超宇宙2	DRAGON BALL XENOVERSE 2
456750	未上锁的房间3	The Room Three
457140	缺氧	缺氧
458770	WRC 6 FIA世界拉力锦标赛	WRC 6 FIA World Rally Championship
460790	猎天使魔女	Bayonetta
460810	绝对征服	Vanquish
460870	噬神者：解放重生（已绝版，买2代赠送）	
460920	极限巅峰	Steep™
460950	武士 零	武士 零
462780	暗黑血统：战神版	Darksiders Warmastered Edition
466130	白色情人节：恐怖学校	White Day: A Labyrinth Named School
466240	黑暗逃生	黑暗逃生
466560	北境之地	Northgard: Definitive Edition
468920	终极钓鱼模拟器	终极钓鱼模拟器
472870	寒蝉鸣泣之时：祟杀	Higurashi When They Cry Hou - Ch.3 Tatarigoroshi
473460	回忆忘却之匣	回忆忘却之匣
474960	量子破碎	Quantum Break
475150	泰坦之旅 十周年纪念版	Titan Quest Anniversary Edition
477160	人类一败涂地 / Human Fall Flat	Human Fall Flat
485510	仁王 Complete Edition	仁王 Complete Edition
487430	KARAKARA	KARAKARA
489630	战锤40k：格雷迪厄斯-遗迹之战	Warhammer 40,000: Gladius - Relics of War
489830	上古卷轴5：天际特别版	The Elder Scrolls V: Skyrim Special Edition
493340	过山车之星	过山车之星
495420	腐烂国度2：巨霸版	State of Decay 2: Juggernaut Edition
496350	sppl-魔女爱丽丝 第一章 春日已至1	sppl-魔女爱丽丝 第一章 春日已至1
504230	蔚蓝	Celeste
513710	人渣	人渣
518030	Aim Hero	Aim Hero
518790	《猎人：荒野的召唤™》	《猎人：荒野的召唤™》
524220	尼尔：机械纪元	NieR:Automata™
526490	寒蝉鸣泣之时：暇溃	Higurashi When They Cry Hou - Ch.4 Himatsubushi
527430	战锤40K:审判官-殉道者	Warhammer 40,000: Inquisitor - Martyr
532110	锈湖：根源	Rusty Lake: Roots
534380	消逝的光芒2: 重装上阵版	消逝的光芒2: 重装上阵版
538680	英雄传说：闪之轨迹	The Legend of Heroes: Trails of Cold Steel
539660	慢性时钟	ChronoClock
544610	太空堡垒卡拉狄加僵局	Battlestar Galactica Deadlock
548430	深岩银河	Deep Rock Galactic
552280	游魂2-you're the only one-	游魂2-you're the only one-
552500	战锤：末世鼠疫2	Warhammer: Vermintide 2
552520	孤岛惊魂5	Far Cry® 5
553420	丘尼卡传说	TUNIC
553640	艾希	ICEY
553850	绝地潜兵2	HELLDIVERS™ 2
555000	使命山羊	GOAT OF DUTY
555950	弹丸论破：绝对绝望少女	Danganronpa Another Episode: Ultra Despair Girls
556130	Drones, The Human Condition	Drones, The Human Condition
557600	画中世界	Gorogoa
564050	无耻乱斗	Bud Spencer & Terence Hill - Slaps And Beans
567640	新枪弹辩驳V3 大家自相残杀的新学期	Danganronpa V3: Killing Harmony
570770	古剑奇谭二(GuJian2)	古剑奇谭二(GuJian2)
570780	古剑奇谭(GuJian)	古剑奇谭(GuJian)
570940	黑暗之魂：重制版	DARK SOULS™: REMASTERED
571310	蒸汽世界：掘进2	SteamWorld Dig 2
577480	寒蝉鸣泣之时：目明	Higurashi When They Cry Hou - Ch.5 Meakashi
578080	绝地求生	PUBG: BATTLEGROUNDS
578330	乐高都市：卧底风云	LEGO® City Undercover
579180	伊苏8：达娜的安魂曲	Ys VIII: Lacrimosa of DANA
582010	怪物猎人：世界	Monster Hunter: World
582160	刺客信条：起源	刺客信条：起源
587100	伊苏7	Ys SEVEN
587110	伊苏：塞尔塞塔的树海	Ys: Memories of Celceta
588650	死亡细胞	Dead Cells
599140	守墓人	Graveyard Keeper
601150	鬼泣5	Devil May Cry 5
602520	巧克力和香子兰 Vol.3	NEKOPARA Vol. 3
606150	夜勤人	Moonlighter
609320	孤帆远航	FAR: Lone Sails
610190	無雙☆群星大會串	無雙☆群星大會串
610370	赏金奇兵3	Desperados III
610570	Paradox Soul	Paradox Soul
618140	巴罗Barro	Barro
621830	WRC 7 FIA世界拉力锦标赛	WRC 7 FIA World Rally Championship
623080	星之梦HD	planetarian HD
627270	不义联盟2	Injustice™ 2
631510	鬼泣高清合集包	Devil May Cry HD Collection
632470	极乐迪斯科：最终剪辑版	Disco Elysium - The Final Cut
635730		
635850	Sentience: The Android's Tale	Sentience: The Android's Tale
640590	乐高：旋风忍者大电影	The LEGO® NINJAGO® Movie Video Game
644560	魔镜	Mirror
644570	拜金女	
646570	杀戮尖塔	Slay the Spire
646910	飙酷车神2	The Crew™ 2
647830	乐高漫威超级英雄2	LEGO® Marvel Super Heroes 2
648100	人狼村之谜	Raging Loop
648580	428：被封锁的涩谷	428: Shibuya Scramble
665180	Dark Elf	Dark Elf
668350	寒蝉鸣泣之时：罪灭	Higurashi When They Cry Hou - Ch.6 Tsumihoroboshi
668580	原子之心	Atomic Heart
668630	三色绘恋	Tricolour Lovestory
674750	又一个僵尸塔防 高清版	Yet Another Zombie Defense HD
678950	龙珠斗士Z	DRAGON BALL FighterZ
678960	噬血代码	CODE VEIN
680320	The Heiress	The Heiress
683320	色灰	GRIS
686190	Killing Time	Killing Time
690640	三位一体4：梦魇王子	Trine 4: The Nightmare Prince
690790	尘埃：拉力赛 2.0	DiRT Rally 2.0
691150	恋花绽放樱飞时	Saku Saku: Love Blooms with the Cherry Blossoms
692850	赤痕：夜之仪式	Bloodstained: Ritual of the Night
694280	僵尸部队4	Zombie Army 4: Dead War
703080	动物园之星	Planet Zoo
704850	小偷模拟器	Thief Simulator
707010	求生意志OL	Will To Live Online
710920	暗黑血统：创世纪	Darksiders Genesis
711990	魔王伊利斯的逆袭	Elise the Devil
712840	King Exit	King Exit
719430	退魔巫女	Taima Miko Yuugi
720280	狐姬	Fox Hime
728880	胡闹厨房2	Overcooked! 2
736190	中国式家长	中国式家长
738520	呼吸边缘	呼吸边缘
740080	死亡日	Deadly Days
740130	破晓传奇	破晓传奇
740260	赤印：不存在的圣诞节	Crimson Imprint plus -Nonexistent Christmas-
743390	扣押2	DISTRAINT 2
744190	锈湖：天堂岛	Rusty Lake Paradise
744900	死亡边境2	Dead Frontier 2
747350	地狱之刃：塞娜的献祭VR专用版	
748490	英雄传说：闪之轨迹2	The Legend of Heroes: Trails of Cold Steel II
749520	樱之杜†净梦者	樱之杜†净梦者
750920	古墓丽影：暗影	Shadow of the Tomb Raider: Definitive Edition
755790	无限法则	无限法则
757320	辐射谷物语	Atomicrops
758090	茂伸奇谈	茂伸奇谈
758190	龙崖	龙崖
760160	血猎	Vampire: The Masquerade - Bloodhunt
760620	小王子的星球	
761700	你的日记+	Your Diary +
762930	sppl-魔女爱丽丝 第一章 春日已至2	sppl-魔女爱丽丝 第一章 春日已至2
774361	神之亵渎	Blasphemous
780310	The Riftbreaker 银河破裂者	The Riftbreaker 银河破裂者
782330	毁灭战士：永恒	DOOM Eternal
787100	Homeworld Defense	Homeworld Defense
787480	逆转裁判123成步堂精选集	Phoenix Wright: Ace Attorney Trilogy
788100	霓虹深渊	霓虹深渊
797410	脑袋捕手	Headsnatchers
802870	与我恋爱的废柴恶魔	The Ditzy Demons Are in Love With Me
812560	交错†频道	CROSS†CHANNEL: Steam Edition
814370	怪物圣所	怪物圣所
814380	只狼：影逝二度	Sekiro™: Shadows Die Twice - GOTY Edition
815370	绿色地狱	Green Hell
818320	乐高：超人	LEGO® The Incredibles
825630	命运石之门 零	STEINS;GATE 0
829110	乐高：DC超级反派	LEGO® DC Super-Villains
831560	WARRIORS OROCHI 4 / 無雙OROCHI 蛇魔３	WARRIORS OROCHI 4 / 無雙OROCHI 蛇魔３
831660	茂伸奇谈-Happy End-	茂伸奇谈-Happy End-
837470	模拟大鹅	Untitled Goose Game
844930	狐姬前传	Fox Hime Zero
845070	超能队长的奇异冒险	The Awesome Adventures of Captain Spirit
850000	被虐的诺艾尔 Complete Edition	被虐的诺艾尔 Complete Edition
851100	东方月神夜	Touhou Luna Nights
851850	七龙珠Z 卡卡洛特	七龙珠Z 卡卡洛特
858820	米德加尔的部落	米德加尔的部落
860510	小小梦魇2	小小梦魇2
860950	忍者之印：重置版	Mark of the Ninja: Remastered
863550	杀手2	HITMAN™ 2
879850	Box: The Game	Box: The Game
880950	爱上火车-Pure Station-	爱上火车-Pure Station-
881020	碧蓝幻想 Relink	Granblue Fantasy: Relink
881100	巫婆Noita	Noita
881320	乐高大电影2	The LEGO Movie 2 Videogame
883710	生化危机2 重制版	Resident Evil 2
895400	生死相依	Deadside
897220	Summer Pockets	Summer Pockets
899440	噬神者3	GOD EATER 3
903950	最后的绿洲	Last Oasis
909080	逃离方块：悖论	Cube Escape: Paradox
914710	喵咪斗恶龙2	Cat Quest II
916440	纪元1800	纪元1800
920210	乐高星球大战：天行者传奇	LEGO® Star Wars™: The Skywalker Saga
921570	歧路旅人	歧路旅人
930910	命运石之门：线形拘束的表征图	STEINS;GATE: Linear Bounded Phenogram
934700	死亡岛2	Dead Island 2
935070	Sakura MMO	Sakura MMO
939960	孤岛惊魂：新曙光	Far Cry® New Dawn
942970	疑案追声	疑案追声
944020	梦末	梦末
945360	我们之间	Among Us
952060	生化危机3 重制版	Resident Evil 3
952070	生化危机：抵抗	RESIDENT EVIL RESISTANCE
953490	红怪	红怪
955050	光明记忆	光明记忆
960910	暴雨	Heavy Rain
968790	真‧三國無雙６ with 猛將傳 DX	真‧三國無雙６ with 猛將傳 DX
968950	Sakura MMO 2	Sakura MMO 2
970560	命运石之门：比翼恋理的爱人	STEINS;GATE: My Darling's Embrace
970570	混沌之子	CHAOS;CHILD
976310	真人快打11	Mortal Kombat 11
976390	9-nine-九次九日九重色	9-nine-九次九日九重色
978520	魔王大人，击退勇者吧	魔王大人，击退勇者吧
983150	樱之杜†净梦者 2	樱之杜†净梦者 2
990080	霍格沃茨之遗	Hogwarts Legacy
990630	最后的篝火	The Last Campfire
991270	英雄传说：闪之轨迹3	The Legend of Heroes: Trails of Cold Steel III
992300	嗜血印 Bloody Spell	嗜血印 Bloody Spell
994280	古剑奇谭三(Gujian3)	古剑奇谭三(Gujian3)
996770	胡闹搬家	Moving Out
1002560	茸雪	茸雪
1004750	WRC 8 FIA世界拉力锦标赛	WRC 8 FIA World Rally Championship
1016920	一起开火车！	Unrailed!
1024380	二次灭绝 Second Extinction	二次灭绝 Second Extinction
1025440	幻想将军2	Fantasy General II
1030300	空洞骑士：丝之歌	Hollow Knight: Silksong
1030830	四海兄弟II 最终版	Mafia II: Definitive Edition
1030840	 《四海兄弟: 最终版》​	 《四海兄弟: 最终版》​
1033420	9-nine-天色天歌天籁音	9-nine-天色天歌天籁音
1034940	Higurashi When They Cry Hou - Ch.7 Minagoroshi	Higurashi When They Cry Hou - Ch.7 Minagoroshi
1035110	Moonrise Fall	Moonrise Fall
1035510	终极僵尸防御	Ultimate Zombie Defense
1036890	影子武士3：决定版	影子武士3：决定版
1038740	茸茸便利店	Fluffy Store
1042800	战锤40K：审判官-预言	Warhammer 40,000: Inquisitor - Prophecy
1044620	苍之彼方的四重奏	苍之彼方的四重奏
1047440	约会大作战：凛绪轮回	DATE A LIVE: Rio Reincarnation
1053710	The Red Lantern	The Red Lantern
1057090	精灵与萤火意志	Ori and the Will of the Wisps
1059990	长号冠军	Trombone Champ
1064130	Sakura MMO 3	Sakura MMO 3
1066780	狂热运输2	Transport Fever 2
1069230	月影魅像-解放之羽-	月影魅像-解放之羽-
1084600	沙石镇时光	沙石镇时光
1085660	命运2	Destiny 2
1088850	漫威银河护卫队	Marvel's Guardians of the Galaxy
1091500	赛博朋克 2077	Cyberpunk 2077
1092790	邪恶冥刻	Inscryption
1093910	黑森町绮谭	黑森町绮谭
1097840	战争机器5	Gears 5
1099640	Jack Move	Jack Move
1102130	Florence	Florence
1105500	人中之龙４　继承传说者	人中之龙４　继承传说者
1105510	人中之龙５　实现梦想者	人中之龙５　实现梦想者
1108590	上古之魂	上古之魂
1111460	小白兔电商	小白兔电商
1116580	我的阴暗面	我的阴暗面
1123050	尘埃异变	GRIME
1139900	Ghostrunner - 幽灵行者	Ghostrunner - 幽灵行者
1142710	全面战争：战锤3	Total War: WARHAMMER III
1142830	9-nine-春色春恋春熙风	9-nine-春色春恋春熙风
1144400	千恋＊万花	千恋＊万花
1145360	哈迪斯	Hades
1145960	白门	The White Door
1148590	DOOM 64	DOOM 64
1151340	辐射76	Fallout 76
1152300	爱夏的炼金工房 ～黄昏大地之炼金术士～ DX	爱夏的炼金工房 ～黄昏大地之炼金术士～ DX
1152310	爱丝卡＆罗吉的炼金工房 ～黄昏天空之炼金术士～ DX	爱丝卡＆罗吉的炼金工房 ～黄昏天空之炼金术士～ DX
1152320	夏莉的炼金工房 ～黄昏海洋之炼金术士～ DX	夏莉的炼金工房 ～黄昏海洋之炼金术士～ DX
1158310	十字军之王3	Crusader Kings III
1161190	追忆夏色年华	追忆夏色年华
1161870	昙花	昙花
1169040	奈斯启示录 Necesse	奈斯启示录 Necesse
1171690	寻路者	Wayfinder
1172380	《星球大战 绝地：陨落的武士团™》	《星球大战 绝地：陨落的武士团™》
1174180	荒野大镖客：救赎2	Red Dead Redemption 2
1178830	光明记忆：无限	光明记忆：无限
1180380	Stay Out	Stay Out
1186640	南瓜杰克	南瓜杰克
1189490	觅长生	觅长生
1196590	生化危机8：村庄	Resident Evil Village
1198090	英雄传说：闪之轨迹Ⅳ	英雄传说：闪之轨迹Ⅳ
1202310	Sakura Succubus	Sakura Succubus
1213300	叛逆神魂GODSOUL🔥	叛逆神魂GODSOUL🔥
1217060	枪火重生	枪火重生
1222140	底特律：化身为人	底特律：化身为人
1222680	极品飞车：热度	Need for Speed™ Heat
1222690	《龙腾世纪审判》	《龙腾世纪审判》
1222700	逃出生天	A Way Out
1225780	他人世界末 On-looker	他人世界末 On-looker
1227890	夏日狂想曲：乡间的难忘回忆	夏日狂想曲：乡间的难忘回忆
1230140	亚托莉：我挚爱的时光	ATRI -My Dear Moments-
1235140	人中之龙7　光与暗的去向　国际版	Yakuza: Like a Dragon
1237320	索尼克 未知边境	Sonic Frontiers
1237950	《STAR WARS™ 前线™ II	STAR WARS™ Battlefront™ II
1237970	泰坦陨落2	Titanfall® 2
1238040	《龙腾世纪II》终极版	《龙腾世纪II》终极版
1238810	《战地风云 5》	《战地风云 5》
1238820	战地风云3	《Battlefield 3™》
1238840	战地风云1	Battlefield™ 1
1243670	Higurashi When They Cry Hou - Ch.8 Matsuribayashi	Higurashi When They Cry Hou - Ch.8 Matsuribayashi
1244090	Sea of Stars 星之海	Sea of Stars 星之海
1244460	侏罗纪世界：进化 2	Jurassic World Evolution 2
1245620	艾尔登法环	艾尔登法环
1250760	海沙风云 Far Away	海沙风云 Far Away
1259420	往日不再	Days Gone
1262240	植物大战僵尸™: 和睦小镇保卫战	植物大战僵尸™: 和睦小镇保卫战
1262540	极品飞车	Need for Speed™
1262560	极品飞车：最高通缉	Need for Speed™ Most Wanted
1262580	极品飞车20：复仇	Need for Speed™ Payback
1262600	极品飞车18：宿敌	Need for Speed™ Rivals
1267540	WRC 9 FIA世界拉力锦标赛	WRC 9 FIA World Rally Championship
1271190		
1272160	布兰特爵士的生平和痛苦	The Life and Suffering of Sir Brante
1276760	七龙珠 破界斗士	七龙珠 破界斗士
1277400	怪物猎人物语2：破灭之翼	Monster Hunter Stories 2: Wings of Ruin
1277930	谜语小丑	Riddle Joker
1277940	金辉恋曲四重奏	金辉恋曲四重奏
1281630	纪元1404：历史典藏版	Anno 1404 - History Edition
1281800	Samsara Room	Samsara Room
1281930	tModLoader	tModLoader
1283700	头号追击	头号追击
1285190	无主之地®4	Borderlands 4
1286280	弃海	弃海
1286680	小缇娜的奇幻之地	小缇娜的奇幻之地
1288310	烟火	烟火
1292940	逃离方块：收藏版	Cube Escape Collection
1293830	极限竞速：地平线 4	Forza Horizon 4
1295730	Leveling up girls in another world	Leveling up girls in another world
1296260	Sakura Knight 2	Sakura Knight 2
1296830	暖雪 Warm Snow	暖雪 Warm Snow
1304930	逃生：试炼	The Outlast Trials
1306630	失落的遗迹	Lost Ruins
1325200	仁王２ Complete Edition	仁王２ Complete Edition
1326000	Sakura Succubus 2	Sakura Succubus 2
1326470	森林之子	Sons Of The Forest
1328660	《极品飞车：热力追踪》重制版	Need for Speed™ Hot Pursuit Remastered
1328670	《质量效应》传奇版	《质量效应》传奇版
1330470	暗影火炬城	暗影火炬城
1333910	Sizeable	Sizeable
1338580	像素哥3	像素哥3
1338770	狙击手：幽灵战士契约 2	Sniper Ghost Warrior Contracts 2
1340130	苍之彼方的四重奏 EXTRA1	苍之彼方的四重奏 EXTRA1
1340990	浪人崛起	Rise of the Ronin
1345740	恋爱绮谭~不存在的夏天~	恋爱绮谭~不存在的夏天~
1346770	醋意乱流 	醋意乱流 
1351370	Sakura Knight 3	Sakura Knight 3
1351630	伊苏IX -怪人之夜	Ys IX: Monstrum Nox
1352930	勇敢的哈克	勇敢的哈克
1356040	Ampersat	Ampersat
1361320	未上锁的房间4:旧罪	The Room 4: Old Sins
1366540	戴森球计划	戴森球计划
1368870	Field of Glory II: Medieval	Field of Glory II: Medieval
1369630	终焉之莉莉：骑士寂夜	ENDER LILIES: Quietus of the Knights
1371980	《恶意不息》	《恶意不息》
1377360	吸血鬼的旋律	Vampires' Melody
1382330	女神异闻录5 乱战：魅影攻手	Persona® 5 Strikers
1388590	人中之龙６　生命诗篇。	人中之龙６　生命诗篇。
1406020	Sakura Succubus 3	Sakura Succubus 3
1406990	巧克力和香子兰 Vol.4	NEKOPARA Vol. 4
1424660	9-nine-雪色雪花雪之痕	9-nine-雪色雪花雪之痕
1426210	双人成行	It Takes Two
1429500	边境猎人: 艾尔莎的命运之轮	边境猎人: 艾尔莎的命运之轮
1432100	书行者	书行者
1434480	爱上火车-Last Run!!-	爱上火车-Last Run!!-
1444350	鬼屋	House
1446780	怪物猎人：崛起	MONSTER HUNTER RISE
1448440	Wo Long: Fallen Dynasty （卧龙：苍天陨落）	Wo Long: Fallen Dynasty
1449560	地铁：离乡	Metro Exodus
1451940	主播女孩重度依赖	NEEDY STREAMER OVERLOAD
1457520	英雄传说 零之轨迹：改	英雄传说 零之轨迹：改
1461920	英雄传说 碧之轨迹：改	英雄传说 碧之轨迹：改
1462810	WRC 10 FIA世界拉力锦标赛	WRC 10 FIA World Rally Championship
1466680	Sakura MMO Extra	Sakura MMO Extra
1466690	Sakura Succubus 4	Sakura Succubus 4
1468810	鬼谷八荒	鬼谷八荒
1498570	拳皇15	THE KING OF FIGHTERS XV
1502970	苏菲的炼金工房 ～不可思议书的炼金术士～ DX	苏菲的炼金工房 ～不可思议书的炼金术士～ DX
1502980	菲利丝的炼金工房 ～不可思议旅的炼金术士～ DX	菲利丝的炼金工房 ～不可思议旅的炼金术士～ DX
1502990	莉迪＆苏瑞的炼金工房 ～不可思议绘画的炼金术士～ DX	莉迪＆苏瑞的炼金工房 ～不可思议绘画的炼金术士～ DX
1506980	葬花·暗黑桃花源	葬花·暗黑桃花源
1507720	童话森林	童话森林
1515210	内心的过去	The Past Within
1517290	《战地风云™ 2042》	《战地风云™ 2042》
1518770	Re:LieF ～献给亲爱的你～	Re:LieF ～献给亲爱的你～
1522820	兽人必须死3	Orcs Must Die! 3
1524650	Sakura Forest Girls	Sakura Forest Girls
1533420	霓虹白客	Neon White
1555110	Chasing Tails 〜雪中誓约〜	Chasing Tails 〜雪中誓约〜
1562700	闪避刺客	闪避刺客
1567800	星空列车与白的旅行	星空列车与白的旅行
1578650	深空梦里人	深空梦里人
1579380	Shadow Tactics: 爱子的选择 Aiko's Choice	Shadow Tactics: 爱子的选择 Aiko's Choice
1580240	符文工厂4豪华版	Rune Factory 4 Special
1584090	东方夜雀食堂 - Touhou Mystia's Izakaya	东方夜雀食堂 - Touhou Mystia's Izakaya
1588550	孤山独影	孤山独影
1590910	宽恕我 神父	Forgive Me Father
1592640	Sakura Alien	Sakura Alien
1599330	荒原疗者 (Wildmender)	荒原疗者 (Wildmender)
1601580	冰汽时代2	冰汽时代2
1602010	女神异闻录4 无敌究极后桥背摔	女神异闻录4 无敌究极后桥背摔
1604380	常轨脱离Creative	常轨脱离Creative
1608450	地狱仆从	地狱仆从
1621310	苏菲的炼金工房２ ～不可思议梦的炼金术士～	苏菲的炼金工房２ ～不可思议梦的炼金术士～
1623730	Palworld / 幻兽帕鲁	Palworld
1627720	匹诺曹的谎言	Lies of P
1630490	Sakura Forest Girls 2	Sakura Forest Girls 2
1633660		
1634080	离火长明	离火长明
1645820	SurrounDead	SurrounDead
1659040	杀手：暗杀世界	HITMAN World of Assassination
1659420	UNCHARTED™: 盗贼传奇合辑	UNCHARTED™: 盗贼传奇合辑
1661630	因果动物园	因果动物园
1665210	Sakura Forest Girls 3	Sakura Forest Girls 3
1669980	火山的女儿	火山的女儿
1672810	秘奥：秘宇奥忆	MIO: Memories in Orbit
1672970	我的世界：地下城	Minecraft Dungeons
1681430	机械战警：暴戾都市	机械战警：暴戾都市
1687950	女神异闻录5皇家版	女神异闻录5皇家版
1701520	心渊梦境	心渊梦境
1712840	小缇娜强袭龙堡：奇幻之地大冒险	Tiny Tina's Assault on Dragon Keep: A Wonderlands One-shot Adventure
1716310	觉醒异刃	觉醒异刃
1718570	神之天平（ASTLIBRA Revision）	神之天平（ASTLIBRA Revision）
1727650	死寂（Deathly Stillness）	死寂（Deathly Stillness）
1740100	独自在家	独自在家
1746030	山河旅探 - Murders on the Yangtze River	山河旅探 - Murders on the Yangtze River
1747760	莫莫多拉: 月下告别	莫莫多拉: 月下告别
1751630	淑女同萌！-Superior Entelecheia-	淑女同萌！-Superior Entelecheia-
1765350	候鸟	候鸟
1772910	Dead District: Survival	Dead District: Survival
1773180	The Matriarch	The Matriarch
1774580	星球大战 绝地：幸存者™	星球大战 绝地：幸存者™
1776970	近月少女的礼仪	近月少女的礼仪
1777430	恋爱绮谭 不存在的真相	恋爱绮谭 不存在的真相
1782460	地狱丧钟 Hell Clock	地狱丧钟 Hell Clock
1795430	Sakura Succubus 5	Sakura Succubus 5
1805480	人中之龙 维新！极	人中之龙 维新！极
1809540	九日	Nine Sols
1817070	漫威蜘蛛侠：重置版	Marvel’s Spider-Man Remastered
1817230	完美音浪	Hi-Fi RUSH
1817290	暗夜长梦	暗夜长梦
1818450	STALZONE	STALZONE
1829980	星光咖啡馆与死神之蝶	星光咖啡馆与死神之蝶
1842690	箱庭铁道物语 (Station Manager)	箱庭铁道物语 (Station Manager)
1846380	《极品飞车™：不羁》	Need for Speed™ Unbound
1847240	游戏开发物语 (Game Dev Story)	游戏开发物语 (Game Dev Story)
1859360	冒险村物语 (Dungeon Village)	冒险村物语 (Dungeon Village)
1859370	幸福公寓物语DX (Dream House Days DX)	幸福公寓物语DX (Dream House Days DX)
1868140	潜水员戴夫 DAVE THE DIVER	潜水员戴夫 DAVE THE DIVER
1874000	奇异人生：双重曝光	Life is Strange: Double Exposure
1875830	真·女神转生Ⅴ Vengeance	Shin Megami Tensei V: Vengeance
1876890	逸剑风云决	逸剑风云决
1879330	无双大蛇２ 终极版	无双大蛇２ 终极版
1887840	蟹蟹寻宝奇遇	蟹蟹寻宝奇遇
1888160	机战佣兵™VI 境界天火™	机战佣兵™VI 境界天火™
1888930	最后生还者1	The Last of Us™ Part I
1890120	9-nine-:NewEpisode	9-nine-:NewEpisode
1902690	Fate/Samurai Remnant	Fate/Samurai Remnant
1902710	奇怪的RPG	奇怪的RPG
1918520	合战忍者村物语 (Ninja Village)	合战忍者村物语 (Ninja Village)
1918530	赛马牧场物语 (Pocket Stables)	赛马牧场物语 (Pocket Stables)
1918540	开罗拉面店 (The Ramen Sensei)	开罗拉面店 (The Ramen Sensei)
1920960	虚拟桌宠模拟器	VPet
1921770	漫画道场物语 (The Manga Works)	漫画道场物语 (The Manga Works)
1921780	海鲜寿司物语 (The Sushi Spinnery)	海鲜寿司物语 (The Sushi Spinnery)
1922560	Plants vs. Zombies™ Garden Warfare 2:豪华版	Plants vs. Zombies™ Garden Warfare 2:豪华版
1923670	都市大亨物语 (Venture Towns)	都市大亨物语 (Venture Towns)
1933970	动画制作物语 (Anime Studio Story)	动画制作物语 (Anime Studio Story)
1933980	夏日水上乐园物语 (Pool Slide Story)	夏日水上乐园物语 (Pool Slide Story)
1933990	创意汉堡物语 (Burger Bistro Story)	创意汉堡物语 (Burger Bistro Story)
1938090	使命召唤®	使命召唤®
1941110	Higurashi When They Cry Hou - Rei	Higurashi When They Cry Hou - Rei
1942280	土豆兄弟(Brotato)	土豆兄弟(Brotato)
1943950	逃离后室	Escape the Backrooms
1947950	风云拳击物语 (Boxing Gym Story)	风云拳击物语 (Boxing Gym Story)
1952170	美食梦物语 (Cafeteria Nipponica)	美食梦物语 (Cafeteria Nipponica)
1955830	东方冰之勇者记	东方冰之勇者记
1960830	玉响未来	玉响未来
1961390	Sakura Succubus 6	Sakura Succubus 6
1961760	她的圣域	她的圣域
1966720	致命公司	Lethal Company
1969870	生死狙击2	生死狙击2
1971650	歧路旅人 II	歧路旅人 II
1977170	退潮	退潮
1978100	冲刺！赛车物语 (Grand Prix Story)	冲刺！赛车物语 (Grand Prix Story)
1983690	森丘露营地物语 (Forest Camp Story)	森丘露营地物语 (Forest Camp Story)
1983700	百货商场物语2 (Mega Mall Story 2)	百货商场物语2 (Mega Mall Story 2)
1983710	冒险村物语2 (Dungeon Village 2)	冒险村物语2 (Dungeon Village 2)
1985260	金辉恋曲四重奏 -Golden Time-	金辉恋曲四重奏 -Golden Time-
1991040	学生时代	学生时代
2001120	双影奇境	双影奇境
2005090	演灭 EVOTINCTION	演灭 EVOTINCTION
2017640	Sakura Gym Girls	Sakura Gym Girls
2019360	豪华大游轮物语 (World Cruise Story)	豪华大游轮物语 (World Cruise Story)
2019370	大江户物语 (Oh! Edo Towns)	大江户物语 (Oh! Edo Towns)
2021690	Sakura Alien 2	Sakura Alien 2
2021710	Sakura Succubus 7	Sakura Succubus 7
2050650	生化危机4 重制版	Resident Evil 4
2054810	网球俱乐部物语 (Tennis Club Story)	网球俱乐部物语 (Tennis Club Story)
2072150	星之开罗君 (Kairobotica)	星之开罗君 (Kairobotica)
2072170	闪耀滑雪场物语 (Shiny Ski Resort)	闪耀滑雪场物语 (Shiny Ski Resort)
2072420	开拓神秘岛DX (Beastie Bay DX)	开拓神秘岛DX (Beastie Bay DX)
2072450	人中之龙８	人中之龙８
2073250	节奏裂隙	节奏裂隙
2074920	第一后裔	The First Descendant
2075730	《使命召唤：现代战争II 2022》公开试玩	
2084720	棒球学院物语 (Home Run High)	棒球学院物语 (Home Run High)
2085540	打工火柴人	打工火柴人
2087030	Shatterline	Shatterline
2089450	温泉物语2 (Hot Springs Story 2)	温泉物语2 (Hot Springs Story 2)
2101290	电影工坊物语 (Silver Screen Story)	电影工坊物语 (Silver Screen Story)
2102480	梦想商店街物语 (Biz Builder Delux)	梦想商店街物语 (Biz Builder Delux)
2114740	神之亵渎2	神之亵渎2
2119650	便利店开业日记 (Convenience Stories)	便利店开业日记 (Convenience Stories)
2119660	游乐园梦物语 (Dream Park Story)	游乐园梦物语 (Dream Park Story)
2119670	打造吧！高尔夫之森 (Forest Golf Planner)	打造吧！高尔夫之森 (Forest Golf Planner)
2119680	南国度假岛物语 (Tropical Resort Story)	南国度假岛物语 (Tropical Resort Story)
2149010	小小梦魇 强化版	Little Nightmares Enhanced Edition
2175540	勇者斗恶龙 怪物仙境3 魔族王子与精灵的旅程	勇者斗恶龙 怪物仙境3 魔族王子与精灵的旅程
2183900	Warhammer 40,000: 星际战士2	Warhammer 40,000: 星际战士2
2191480	珍宝机场物语 (Jumbo Airport Story)	珍宝机场物语 (Jumbo Airport Story)
2191490	口袋学院物语3 (Pocket Academy 3)	口袋学院物语3 (Pocket Academy 3)
2194530	犹格索托斯的庭院	犹格索托斯的庭院
2206270	吸血鬼猎人	吸血鬼猎人
2206340	苍之彼方的四重奏 EXTRA2	苍之彼方的四重奏 EXTRA2
2208920	刺客信条：英灵殿	Assassin's Creed Valhalla
2243710	符文工厂3豪华版	符文工厂3豪华版
2272400	站点连连 Station to Station	站点连连 Station to Station
2273430	苍翼：混沌效应	苍翼：混沌效应
2290180	极限国度	极限国度
2291850	地铁繁花	Underground Blossom
2315040	火炬之光：无限	火炬之光：无限
2321470	深岩银河：幸存者	深岩银河：幸存者
2337860	呆呆大乱斗	呆呆大乱斗
2342950	God Of Weapons	God Of Weapons
2346410	边境开拓者	边境开拓者
2356560	怪物猎人物语	Monster Hunter Stories
2358720	黑神话：悟空	黑神话：悟空
2375080	Sakura Bunny Girls	Sakura Bunny Girls
2375550	人中之龙7外传 无名之龙	Like a Dragon Gaiden: The Man Who Erased His Name
2378900	The Coffin of Andy and Leyley	The Coffin of Andy and Leyley
2379780	小丑牌	Balatro
2384580	真・三国无双 起源	DYNASTY WARRIORS: ORIGINS
2396980	命运之夜重制版	Fate/stay night REMASTERED
2399220	拔作岛	NUKITASHI
2407270	AI LIMIT 无限机兵	AI LIMIT 无限机兵
2412050	绝不会出现幽灵的高层电梯	No Ghost in Sky Elevator
2427100	创意咖啡店物语 (Cafe Master Story)	创意咖啡店物语 (Cafe Master Story)
2430690	幸运草的约定	幸运草的约定
2431880	大海贼探险物语DX (High Sea Saga DX)	大海贼探险物语DX (High Sea Saga DX)
2432110	白色相簿：编缀的冬日回忆	WHITE ALBUM: Memories like Falling Snow
2437690	探险顽皮动物园 (Zoo Park Story)	探险顽皮动物园 (Zoo Park Story)
2457890	DRACOMATON	DRACOMATON
2458530	魔女的夜宴	魔女的夜宴
2478970	古墓丽影123合集重制	Tomb Raider I-III Remastered Starring Lara Croft
2479810	灰区战争	灰区战争
2487490	Sakura Succubus 8	Sakura Succubus 8
2488340	创造都市岛物语 (Dream Town Island)	创造都市岛物语 (Dream Town Island)
2491040	Higurashi When They Cry Hou+	Higurashi When They Cry Hou+
2510770	星之终途	星之终途
2510810	突然＊恋人	突然＊恋人
2525380	古墓丽影456复刻版合集	Tomb Raider IV-VI Remastered
2527500	米塔 MiSide	米塔 MiSide
2538910	夏末白夜	夏末白夜
2543510	枪途末路	枪途末路
2567190	少女理论以及周边 -École de Paris-	少女理论以及周边 -École de Paris-
2593370	饿殍：明末千里行	饿殍：明末千里行
2608040	Travellin Cats in China	Travellin Cats in China
2614070	拔作岛2	NUKITASHI 2
2622380	艾尔登法环 黑夜君临	ELDEN RING NIGHTREIGN
2627780	约会大作战：莲反乌托邦	DATE A LIVE: Ren Dystopia
2646050	Sakura Isekai Adventure	Sakura Isekai Adventure
2678640	朝露：境界旅程	朝露：境界旅程
2680010	第一狂战士：卡赞	
2699690	Harmonia Full HD Edition	Harmonia Full HD Edition
2704110	彼方的她-Aliya	彼方的她-Aliya
2725260	终焉 玛格诺利亚:雾中之花	ENDER MAGNOLIA: Bloom in the Mist
2732020	开拍！电视制作物语 (TV Studio Story)	开拍！电视制作物语 (TV Studio Story)
2752710	WHAT THE PAK?!	WHAT THE PAK?!
2767030	漫威争锋	Marvel Rivals
2788150	Sakura Succubus 9	Sakura Succubus 9
2788160	Sakura Bunny Girls 2	Sakura Bunny Girls 2
2798600	贝果爱情故事	贝果爱情故事
2828500	The Jackbox Megapicker	The Jackbox Megapicker
2832790	Sakura Isekai Adventure 2	Sakura Isekai Adventure 2
2835570	恶魔轮盘	Buckshot Roulette
2848360	洞窟冒险团物语 (Cavern Adventurers)	洞窟冒险团物语 (Cavern Adventurers)
2860410	NineHells	NineHells
2873080	不/存在的你，和我	不/存在的你，和我
2921380	Caribbean Crashers	Caribbean Crashers
2950340	LEGO® Harry Potter™ Collection	LEGO® Harry Potter™ Collection
2955840	厨房战争	厨房战争
2983260	LUNARiA -Virtualized Moonchild-	LUNARiA -Virtualized Moonchild-
2983350	planetarian～雪圏球～	planetarian～雪圏球～
3017860	毁灭战士：黑暗时代	DOOM: The Dark Ages
3027600	恋爱与选举与巧克力	恋爱与选举与巧克力
3035500	架空地图模拟器	架空地图模拟器
3042830	前进！！英雄战队物语 DX (Legends of Heropolis DX)	前进！！英雄战队物语 DX (Legends of Heropolis DX)
3059010	二战前线合集	二战前线合集
3061810	人中之龙８外传 Pirates in Hawaii	人中之龙８外传 Pirates in Hawaii
3104270	KANADE	KANADE
3132250	平安古都物语 (Heian City Story)	平安古都物语 (Heian City Story)
3155290	哥哥，早起前要一直抱紧我哦！	哥哥，早起前要一直抱紧我哦！
3171460	初雪樱 	初雪樱 
3178350	无双深渊	无双深渊
3240220	Grand Theft Auto V 增强版	Grand Theft Auto V Enhanced
3240500	Sakura Isekai Adventure 3	Sakura Isekai Adventure 3
3334710	摔跤擂台物语 (Pro Wrestler Story)	摔跤擂台物语 (Pro Wrestler Story)
3350200	情感反诈模拟器	情感反诈模拟器
3353830	生存战场	生存战场
3389860	泡芙爱情故事	泡芙爱情故事
3418570	Summer Pockets REFLECTION BLUE	Summer Pockets REFLECTION BLUE
3444020	我在地府打麻将 - Demonic Mahjong	我在地府打麻将 - Demonic Mahjong
3472040	NBA 2K26	NBA 2K26
3527290	PEAK	PEAK
3595230	《使命召唤®：现代战争® II 2022》	《使命召唤®：现代战争® II 2022》
3601190	银盘滑冰场物语 (Skating Rink Story)	银盘滑冰场物语 (Skating Rink Story)
3639650	少女与学院城	Kotama and Academy Citadel
3755860	黑色之魂	BLACK SOULS
3784030	浣熊推币机	浣熊推币机
3837340	FINAL FANTASY VII	FINAL FANTASY VII
3838280	极乐妹土！3	极乐妹土！3
3856040	形单影只：坠落地牢无尽深渊	形单影只：坠落地牢无尽深渊
3862670	龟龟潜海记 Shelldiver	龟龟潜海记 Shelldiver
3932890	逃离塔科夫	Escape from Tarkov
3934270	多少兄弟？	多少兄弟？
3936590	探险异星飞行队 (Final Frontier Story)	探险异星飞行队 (Final Frontier Story)
4177730	几度相逢若初见	几度相逢若初见
4212210	魔王城物语 (Demon Castle Story)	魔王城物语 (Demon Castle Story)
4424950	飞空艇探险物语 (Skyship Quest Story)	飞空艇探险物语 (Skyship Quest Story)