220	Half-Life 2
320	Half-Life 2: Deathmatch
360	Half-Life Deathmatch: Source
400	Portal
440	Team Fortress 2
550	Left 4 Dead 2
730	Counter-Strike 2
12320	Sacred Gold
15100	Assassin's Creed
17480	《命令与征服™：红色警戒 3》
20900	The Witcher: Enhanced Edition
20920	The Witcher 2: Assassins of Kings Enhanced Edition
21130	LEGO® Harry Potter: Years 1-4
22100	Mount & Blade
29900	Dark Sector
33230	刺客信条2
33600	Broken Sword 2 - the Smoking Mirror: Remastered (2010)
33610	Broken Sword 3 - the Sleeping Dragon (2003)
41500	Torchlight
45740	Dead Rising 2
45760	Ultra Street Fighter IV
48000	LIMBO
48190	刺客信条：兄弟会
48700	Mount & Blade: Warband
55230	Saints Row: The Third
57640	商店页面
105600	Terraria
107100	Bastion
200710	Torchlight II
201810	Wolfenstein: The New Order
203160	Tomb Raider
204120	LEGO® Harry Potter: Years 5-7
204360	Castle Crashers
205100	Dishonored
208650	Batman™: Arkham Knight
213670	South Park™: The Stick of Truth™
214340	Deponia
214950	全面战争：罗马2 - 帝皇版
217200	Worms Armageddon
220200	Kerbal Space Program
221040	Resident Evil 6
222420	THE KING OF FIGHTERS '98 ULTIMATE MATCH FINAL EDITION
222440	THE KING OF FIGHTERS 2002 UNLIMITED MATCH
222940	THE KING OF FIGHTERS XIII STEAM EDITION
224900	Iron Sky Invasion
225640	Sacred 2 Gold
227300	Euro Truck Simulator 2
228300	Remember Me
230230	Divinity: Original Sin (Classic)
234140	Mad Max
234270	Ken Follett's The Pillars of the Earth
234670	NARUTO SHIPPUDEN: Ultimate Ninja STORM 3 Full Burst
235210	Strider
237930	Transistor
239030	Papers, Please
241260	Sherlock Holmes: Crimes and Punishments
241930	Middle-earth™: Shadow of Mordor™
242550	Rayman Legends
242760	The Forest
244210	神力科莎 Assetto Corsa
249130	LEGO® MARVEL Super Heroes
250180	METAL SLUG 3
250900	The Binding of Isaac: Rebirth
257350	Baldur's Gate II: Enhanced Edition
257990	Oozi: Earth Adventure
261570	Ori and the Blind Forest
262060	Darkest Dungeon®
264710	Subnautica - 深海迷航
268910	Cuphead
269210	Hero Siege
271590	Grand Theft Auto V 传承版
274170	火线迈阿密2：空号
274190	Broforce
275850	No Man's Sky 无人深空
278080	真・三国无双７ with 猛将传
280180	Hover
281990	Stellaris
286160	Tabletop Simulator
286690	地铁2033 重制版
287390	地铁：最后的曙光 重制版
289650	刺客信条：大革命
291550	Brawlhalla
291860	Pit People
292030	巫师 3：狂猎
294100	边缘世界 RimWorld
304390	《荣耀战魂》
304430	INSIDE
307690	Sleeping Dogs: Definitive Edition
311690	挺进地牢
312520	雨世界
312610	METAL SLUG X
312660	Sniper Elite 4
320340	Cosmonautica
321800	Icewind Dale: Enhanced Edition
322330	饥荒联机版
322520	真・三国无双７ Empires
323190	冰汽时代
323850	Move or Die
329050	Devil May Cry 4 Special Edition
329860	Catlateral Damage
330020	Children of Morta
331600	ONE PIECE PIRATE WARRIORS 3
335670	LISA
339340	Resident Evil 0
346010	围攻
346110	ARK: Survival Evolved
349040	火影忍者 疾风传 终极风暴4
350080	Wolfenstein: The Old Blood
350640	Sherlock Holmes: The Devil's Daughter
352400	LEGO® Jurassic World
354380	Assassin’s Creed® Chronicles: China
356190	Middle-earth™: Shadow of War™
357190	Ultimate Marvel vs. Capcom 3
359600	Assassin’s Creed® Chronicles: Russia
359610	Assassin’s Creed® Chronicles: India
363150	三國志13
363440	Mega Man Legacy Collection
366250	METAL SLUG
367500	Dragon's Dogma: Dark Arisen
368260	漫威暗夜之子
373420	神界：原罪增强版
374040	Portal Knights
375820	Human Resource Machine
379430	Kingdom Come: Deliverance
380600	Fishing Planet
381780	80 Days
383120	Empyrion - Galactic Survival
383870	Firewatch
384190	ABZÛ
387290	Ori and the Blind Forest: Definitive Edition
391220	Rise of the Tomb Raider
391540	Undertale
392160	X4：基石
394310	拳击俱乐部
394510	HELLDIVERS™
400080	Out of Space
403640	Dishonored 2
405310	LEGO® MARVEL's Avengers
407530	ARK: Survival Of The Fittest
412020	地铁：离乡
412830	STEINS;GATE
413150	Stardew Valley
414340	Hellblade: Senua's Sacrifice
418240	Shadow Tactics: Blades of the Shogun
423580	Project Highrise
425220	ONE PIECE BURNING BLOOD
428690	Youtubers Life
431960	Wallpaper Engine：壁纸引擎
432940	Breakneck
433340	Slime Rancher
435150	神界：原罪2 - 终极版
440900	Conan Exiles Enhanced
442070	Drawful 2
448510	Overcooked
454650	DRAGON BALL XENOVERSE 2
457140	缺氧
460920	Steep
462770	Pyre
463530	地下蚁国 Empires of the Undergrowth
466560	Northgard: Definitive Edition
468920	终极钓鱼模拟器
471010	七: 增强版
475150	Titan Quest Anniversary Edition
475550	Beholder
480490	Prey
482400	System Shock
485510	仁王 Complete Edition
487000	Quest Hunter
489630	Warhammer 40,000: Gladius - Relics of War
492720	Tropico 6
493340	过山车之星
495140	NARUTO: Ultimate Ninja STORM
502500	ACE COMBAT™7: SKIES UNKNOWN
503400	Four Last Things
504230	Celeste
508440	Totally Accurate Battle Simulator
512900	Streets of Rogue
518790	《猎人：荒野的召唤™》
524220	NieR:Automata™
529340	Victoria 3
543870	NARUTO SHIPPUDEN: Ultimate Ninja STORM 2
544610	Battlestar Galactica Deadlock
544750	SOULCALIBUR VI
548430	深岩银河
558990	Opus Magnum
570770	古剑奇谭二(GuJian2)
570780	古剑奇谭(GuJian)
571260	THE KING OF FIGHTERS XIV STEAM EDITION
571720	One Piece: Unlimited World Red - Deluxe Edition
581270	回忆之旅
582010	Monster Hunter: World
582160	刺客信条：起源
587620	Okami HD
593280	猫咪斗恶龙 Cat Quest
593600	方块方舟（PixARK）
594570	全面战争：战锤2
597180	旧世界 Old World
599460	Weapon Shop Fantasy
600090	The Coma: Recut
600130	Valfaris
601150	Devil May Cry 5
602320	Train Valley 2
607080	Psychonauts 2
607890	Sword Art Online: Hollow Realization Deluxe Edition
609320	FAR: Lone Sails
610370	Desperados III
613100	房产达人
620980	Beat Saber
627270	Injustice™ 2
633230	NARUTO TO BORUTO 新忍出击
638000	当滑雪升降机发生了故障
641320	Cooking Simulator
641990	The Escapists 2
645630	Car Mechanic Simulator 2018
646570	Slay the Spire
646910	The Crew 2
647830	LEGO® MARVEL Super Heroes 2
648800	Raft
654310	For Honor - Public Test
678950	DRAGON BALL FighterZ
678960	CODE VEIN
700600	Evil Genius 2
702120	THE KING OF FIGHTERS '97 GLOBAL MATCH
703080	动物园之星
704850	Thief Simulator
714010	Aimlabs
718670	《密教模拟器 (Cultist Simulator)》
736190	中国式家长
741820	Prey: Typhon Hunter
742420	Saints Row
747200	开普勒斯
747350	Hellblade: Senua's Sacrifice VR Edition
750920	Shadow of the Tomb Raider
751780	Forager
755500	ONE PIECE World Seeker
758190	龙崖
759740	RIDE 3
761890	阿尔比恩 ONLINE
779340	全面战争：三国
780310	The Riftbreaker 银河破裂者
787480	Phoenix Wright: Ace Attorney Trilogy
807120	Iratus: Lord of the Dead
809880	Degrees of Separation
814370	怪物圣所
814380	Sekiro™: Shadows Die Twice
815370	绿色地狱
820520	Deceive Inc.
824000	哈克小镇
825630	STEINS;GATE 0
829590	末日觉醒 CryoFall
837470	Untitled Goose Game
845070	The Awesome Adventures of Captain Spirit
851850	七龙珠Z 卡卡洛特
858710	重力回路
858820	米德加尔的部落
874260	遗忘之城
877360	18+
892860	Hot Brass
894020	死亡之门
897450	岛屿生存者
899310	Iron Danger
899770	Last Epoch
914710	Cat Quest II
916440	纪元1800
920210	LEGO® Star Wars™: The Skywalker Saga
921570	歧路旅人
923840	侠隐行录：困境疑云 - Wuxia archive: Crisis escape
931180	Conan Exiles - Public Beta Client
942970	疑案追声
948740	AI: The Somnium Files
952040	同步音律喵赛克
955900	了不起的修仙模拟器
960170	DJMAX RESPECT V
960910	暴雨
960990	超凡双生
969760	Omno
972660	《Spiritfarer®》Farewell版
973760	Thronebreaker: The Witcher Tales
976310	Mortal Kombat 11
976590	巴士模拟器 21
978780	STORY OF SEASONS: Friends of Mineral Town
985890	怒之铁拳4
987840	Expeditions: Rome
990080	霍格沃茨之遗
990630	The Last Campfire
992300	嗜血印 Bloody Spell
993090	Lossless Scaling
994280	古剑奇谭三(Gujian3)
994910	商店页面
997070	Marvel’s Avengers |《漫威复仇者》终极版
1000010	不思议的皇冠
1013320	火之石 – 放置点击英雄RPG
1018160	MXGP 2019 - The Official Motocross Videogame
1025440	Fantasy General II
1030210	Torchlight III
1030840	《四海兄弟: 最终版》
1040070	天空商人
1040420	层层梦境
1041720	Kingdoms of Amalur: Re-Reckoning
1042550	Digimon Story Cyber Sleuth: Complete Edition
1045610	Startup Panic
1049590	永恒轮回
1057090	Ori and the Will of the Wisps
1061910	Metal: Hellsinger
1071870	知只大冒险
1075190	A Game of Thrones: The Board Game
1076200	魔域之书
1085220	Figment 2: Creed Valley
1088850	Marvel's Guardians of the Galaxy
1089090	ONE PIECE 海贼无双4
1091500	赛博朋克 2077
1092790	邪恶冥刻
1099640	Jack Move
1103730	Shing!
1108000	寂静村的孩子们 Children of Silentown
1112890	Calico
1118310	RetroArch
1119730	Ranch Simulator
1122340	Chef Life: A Restaurant Simulator
1124260	Snowtopia
1128810	RISK: Global Domination
1134700	荒野之地2: 新大陆 / Wild Terra 2: New Lands
1137300	Sherlock Holmes Chapter One
1138660	黑书
1142710	全面战争：战锤3
1143810	云端掠影 (Black Skylands)
1145360	Hades
1147550	不予播出 ( Not For Broadcast )
1149460	翼星求生 ICARUS
1154850	9th Dawn III
1158220	Kraken Academy!!
1158850	The Great Ace Attorney Chronicles
1161590	拳击俱乐部2：快进未来
1163550	队长小翼 新秀崛起
1172380	《星球大战 绝地：陨落的武士团™》
1172450	Carto
1174180	Red Dead Redemption 2
1180320	三国杀
1182310	The Excavation of Hob's Barrow
1184370	开拓者：正义之怒
1189490	觅长生
1190000	Car Mechanic Simulator 2021
1191900	Say No! More
1200580	One Gun Guy
1202130	Starship Troopers: Terran Command
1202200	恐龙牧场
1203220	永劫无间
1206610	橡胶强盗: Rubber Bandits
1207650	Suzerain
1210320	药剂工艺：炼金模拟器
1218210	Coromon
1222140	底特律：化身为人
1222670	The Sims™ 4
1222680	《Need for Speed™ Heat
1222700	A Way Out
1235140	人中之龙7　光与暗的去向　国际版
1237730	Catlateral Damage: Remeowstered
1237970	Titanfall® 2
1238810	《战地风云 5》
1238840	Battlefield™ 1
1238880	《Battlefield™ Hardline》终极版
1240590	Sir Whoopass™: Immortal Death
1242980	KeyWe
1244460	侏罗纪世界：进化 2
1244800	焕然异星 Terraformers
1252830	A Juggler's Tale
1256670	Library Of Ruina
1269300	时空错乱之旅
1269640	Beacon Pines
1272010	驱逐舰：U型艇猎手 - Destroyer: The U-Boat Hunter
1272840	田园记
1277400	Monster Hunter Stories 2: Wings of Ruin
1280930	星界战士
1283400	Steelrising 钢之崛起
1284190	星球工匠
1287530	Lords and Villeins
1291010	小兵大战 - Warpips
1293180	SuchArt: 艺术家模拟器
1293830	极限竞速：地平线 4
1307550	Craftopia / 创世理想乡
1307580	TOEM
1312960	特级厨师
1315980	罐舱逃生指南 Tin Can
1318690	异形工厂（Shapez）
1325200	仁王２ Complete Edition
1328660	《极品飞车：热力追踪》重制版
1328840	Lost in Play
1329410	雀魂麻将
1332010	Stray
1335790	Operation Tango
1335940	满头大汗了吧，击球手！
1336490	风暴之城 Against the Storm
1337010	Alba: A Wildlife Adventure
1338580	像素哥3
1338770	狙击手：幽灵战士契约 2
1345860	狗钩
1347970	拼贴冒险传 / Patch Quest
1351080	Pharaoh: A New Era
1353230	Bomb Rush Cyberfunk
1356810	帝王牌局：古国纷争
1368140	纵横秘湾 Corsair Cove
1368870	Field of Glory II: Medieval
1382330	Persona 5 Strikers
1388870	Arcade Paradise
1416920	中国式网游
1416960	Everafter Falls
1419160	英灵士魂
1426210	双人成行
1432100	书行者
1432910	宇宙汉堡王 Godlike Burger
1437820	三国群英传
1437830	三国群英传2
1437840	三国群英传3
1437850	三国群英传4
1437860	三国群英传5
1437870	三国群英传6
1437880	三国群英传7
1446780	MONSTER HUNTER RISE
1449560	Metro Exodus Enhanced Edition
1449690	The Walking Dead: The Telltale Definitive Series
1451810	乐高®2K竞速
1467920	巴别号漫游指南
1468810	鬼谷八荒
1473350	糯米团子历代记
1475810	Ghostwire: Tokyo
1476970	IdleOn - 放置类MMO
1480560	割草模拟器 / Lawn Mowing Simulator
1488200	战争交响曲：尼菲林传奇
1493760	Youtubers Life 2
1498570	THE KING OF FIGHTERS XV
1501610	Nova Lands
1511780	Last Call BBS
1515210	The Past Within
1521070	The Pegasus Expedition
1528810	Exodus Borealis
1531540	Distant Worlds 2
1532690	女巫悲歌
1544360	LEGO® Builder's Journey
1546570	仙剑奇侠传
1549250	恶月十三
1551360	极限竞速：地平线 5
1552810	Twin Mirror 双子幻境
1562430	《渔帆暗涌》
1569200	Brewmaster 酿酒大师
1570010	《远方：涌变暗潮》
1574360	Uncharted Waters Origin
1581770	SpellForce: Conquest of Eo
1586800	Lil Gator Game
1593500	God of War
1597460	幻想三国志-天元异事录
1599330	荒原疗者 (Wildmender)
1602080	Soulstice
1604030	夜族崛起
1623730	Palworld / 幻兽帕鲁
1628130	Who Pressed Mute on Uncle Marcus?
1634150	倾听画语: 最美好的景色
1634860	小飞船大冒险 Minishoot' Adventures
1644940	Loddlenaut
1649010	迷瘴纪事 (Miasma Chronicles)
1649080	双点校园
1652250	传说与战术自走棋
1658150	月光石岛
1665190	Monster Prom 3: Monster Roadtrip
1669980	火山的女儿
1681430	机械战警：暴戾都市
1687950	女神异闻录5皇家版
1696440	绝世好武功
1718570	神之天平（ASTLIBRA Revision）
1744330	No More Heroes 3
1746030	山河旅探 - Murders on the Yangtze River
1755830	Astrea: Six-Sided Oracles
1771300	天国：拯救2
1793170	Racine
1794680	Vampire Survivors - 吸血鬼幸存者
1803400	Beneath Oresa
1811040	极圈以南
1818690	Grindstone
1844380	Warhammer Age of Sigmar: Realms of Ruin
1850570	DEATH STRANDING DIRECTOR'S CUT
1868140	潜水员戴夫 DAVE THE DIVER
1876890	逸剑风云决
1885110	Cryptmaster
1902710	奇怪的RPG
1907720	奥拓星球：强敌 / Autonauts VS. Piratebots
1912750	泰拉往事 Terra Memoria
1915380	花园生涯：模拟佛系生活
1921760	口袋学院物语2 (Pocket Academy)
1929870	游牧生存
1940340	Darkest Dungeon® II
1942280	土豆兄弟(Brotato)
1946070	《十个约会》Ten Dates
1954200	Kena: Bridge of Spirits
1974050	火炬之光：无限
1977170	退潮
1990740	Barro GT
2005160	纳赫鲁博王国地下城大师
2019810	Boxes
2059660	Cavern of Dreams
2060130	重返猴岛
2068280	Nordic Ashes
2078450	战锤40K：极速狂飙
2098790	群侠传，启动！
2103140	魔法工艺 Magicraft
2103680	Mediterranea Inferno
2113850	Spirit City: Lofi Sessions
2119680	南国度假岛物语 (Tropical Resort Story)
2138710	Sifu
2139460	七日世界
2142790	Fields of Mistria
2161440	风帆纪元 Sailing Era
2185060	双点博物馆
2190290	不双修就去世
2208920	刺客信条：英灵殿
2218400	贪婪大地
2218460	Bunny Guys!
2238040	瞎闹猎车手
2239150	Thronefall
2272400	站点连连 Station to Station
2276930	Chillquarium
2290180	极限国度
2303350	小小贴纸铺
2324650	刺猬索尼克谋杀案
2328750	My Little Universe
2344520	《暗黑破坏神® IV》
2349820	英勇之地
2356560	Monster Hunter Stories
2358720	黑神话：悟空
2379780	Balatro
2397250	大头盔英雄
2419090	STAR WARS™: Bounty Hunter™
2427700	背包乱斗：福西法的宝藏 Backpack Battles
2458530	魔女的夜宴
2507950	三角洲行动
2512920	蒜什么建造师
2521380	Legacy of Kain™ Soul Reaver 1&2 Remastered
2540100	Crime Scene Cleaner: Prologue
2593340	怪奇漫游指南 Wonderia
2666510	Rusty's Retirement
2670630	Supermarket Simulator
2684500	阿尔法联盟
2797340	猫神牧场
2816950	妖之乡
2834600	我的小小人生
2835570	恶魔轮盘
2878420	菜市场模拟器
2891120	疯狂手机大亨
2917350	拉杆英雄
2921380	Caribbean Crashers
2993780	幻想生活ｉ 转圈圈的龙和偷取时间的少女
3036080	沙威玛传奇 - Shawarma Legend
3070070	TCG卡牌店模拟器
3103840	TCG Card Shop Simulator: Prologue
3112010	不思议迷宫
3167020	逃离鸭科夫
3174480	重返校园
3192360	雨天
3240220	Grand Theft Auto V 增强版
3328720	闪光公仔
3447040	空之轨迹 the 1st
3472550	The Mr. Rabbit Magic Show
3486610	find y
3562120	梦幻魔法公主
3569500	卡牌店模拟器 多人联机版
3683770	奶茶店模拟器 - 重生之我在冰堡甜城当店长
3861280	挂机手游模拟器
3862670	龟龟潜海记 Shelldiver
3883420	四十四次日落
3892760	君临传奇
3946110	我家有矿
4128580	竞拍之王
4214820	权力的游戏 : 国王大道
4241850	Dreadmyst
4243380	挂机西游模拟器
4256290	放置之路：古神复苏 试玩版
4310820	我家有矿 试玩版
4684420	我的傲娇妹妹 MY TSUNDERE SISTER Demo
